CellType	Trait	Intersection_count	p_value	Label	Log10_Pvalue
FCPC	ADHD	46	1		0
myoCAF	ADHD	51	1		0
ActFB	ADHD	49	1		0
FCC	ADHD	46	1		0
iCAF	ADHD	47	1		0
UniFB	ADHD	48	1		0
CycFB	ADHD	52	1		0
DerFB	ADHD	46	1		0
DevFB	ADHD	54	1		0
apCAF	ADHD	66	0.0937037206141259		1.02824316460737
MetFB	ADHD	50	1		0
EpiFB	ADHD	47	1		0
CytFB	ADHD	59	0.583659458551522		0.233840472081041
PapFB	ADHD	57	0.583659458551522		0.233840472081041
ProFB	ADHD	52	1		0
LipFB	ADHD	57	0.583659458551522		0.233840472081041
FCPC	AD	48	1		0
myoCAF	AD	48	1		0
ActFB	AD	49	1		0
FCC	AD	51	1		0
iCAF	AD	49	1		0
UniFB	AD	49	1		0
CycFB	AD	54	1		0
DerFB	AD	43	1		0
DevFB	AD	47	1		0
apCAF	AD	47	1		0
MetFB	AD	48	1		0
EpiFB	AD	39	1		0
CytFB	AD	46	1		0
PapFB	AD	45	1		0
ProFB	AD	42	1		0
LipFB	AD	42	1		0
FCPC	AF	45	0.878622323180772		0.0561977667990524
myoCAF	AF	57	0.389106305701015		0.409931731136722
ActFB	AF	54	0.639563780427109		0.194116139056575
FCC	AF	48	0.878622323180772		0.0561977667990524
iCAF	AF	51	0.878622323180772		0.0561977667990524
UniFB	AF	49	0.878622323180772		0.0561977667990524
CycFB	AF	49	0.878622323180772		0.0561977667990524
DerFB	AF	50	0.878622323180772		0.0561977667990524
DevFB	AF	48	0.878622323180772		0.0561977667990524
apCAF	AF	82	1.85177804809266e-05	82	4.73241106855318
MetFB	AF	55	0.573605985063667		0.241386325843457
EpiFB	AF	48	0.878622323180772		0.0561977667990524
CytFB	AF	68	0.0220837153031743	68	1.65592786029378
PapFB	AF	63	0.085956452030277		1.06572151890736
ProFB	AF	64	0.0757166358979972		1.12080869005151
LipFB	AF	62	0.102045569240089		0.991205847355108
FCPC	BP	42	0.936106055923851		0.02867494517936
myoCAF	BP	48	1		0
ActFB	BP	43	0.936106055923851		0.02867494517936
FCC	BP	43	0.936106055923851		0.02867494517936
iCAF	BP	44	0.936106055923851		0.02867494517936
UniFB	BP	42	0.936106055923851		0.02867494517936
CycFB	BP	48	1		0
DerFB	BP	42	0.936106055923851		0.02867494517936
DevFB	BP	60	0.447408879038313		0.349295401376894
apCAF	BP	68	0.0441674306063485	68	1.3548978646298
MetFB	BP	44	0.936106055923851		0.02867494517936
EpiFB	BP	39	0.936106055923851		0.02867494517936
CytFB	BP	46	1		0
PapFB	BP	42	0.936106055923851		0.02867494517936
ProFB	BP	47	1		0
LipFB	BP	41	0.936106055923851		0.02867494517936
FCPC	CD	59	0.125598245342988		0.9010164278216
myoCAF	CD	53	0.426578687511673		0.370000846325154
ActFB	CD	61	0.104242807119135		0.981953902169459
FCC	CD	72	0.00651358756557293	72	2.18617974403128
iCAF	CD	57	0.166759845300435		0.777908516431316
UniFB	CD	61	0.104242807119135		0.981953902169459
CycFB	CD	51	0.541431528361543		0.266456458216854
DerFB	CD	59	0.125598245342988		0.9010164278216
DevFB	CD	57	0.166759845300435		0.777908516431316
apCAF	CD	64	0.104242807119135		0.981953902169459
MetFB	CD	59	0.125598245342988		0.9010164278216
EpiFB	CD	60	0.125598245342988		0.9010164278216
CytFB	CD	61	0.104242807119135		0.981953902169459
PapFB	CD	57	0.166759845300435		0.777908516431316
ProFB	CD	58	0.157194141926025		0.80356364262617
LipFB	CD	62	0.104242807119135		0.981953902169459
FCPC	Celiac	57	0.259404203800676		0.586022990192403
myoCAF	Celiac	64	0.113574953846996		0.944717430995829
ActFB	Celiac	60	0.20933040890498		0.679167678205243
FCC	Celiac	51	0.577526963585646		0.23842773461661
iCAF	Celiac	56	0.281040259194533		0.551231462679796
UniFB	Celiac	59	0.20933040890498		0.679167678205243
CycFB	Celiac	59	0.20933040890498		0.679167678205243
DerFB	Celiac	57	0.259404203800676		0.586022990192403
DevFB	Celiac	55	0.308864761188129		0.510231638136037
apCAF	Celiac	59	0.20933040890498		0.679167678205243
MetFB	Celiac	50	0.646905617095542		0.189159077854709
EpiFB	Celiac	57	0.259404203800676		0.586022990192403
CytFB	Celiac	64	0.113574953846996		0.944717430995829
PapFB	Celiac	55	0.308864761188129		0.510231638136037
ProFB	Celiac	54	0.365465017386919		0.43715418774287
LipFB	Celiac	56	0.281040259194533		0.551231462679796
FCPC	CAD	50	1		0
myoCAF	CAD	59	0.627991226714941		0.202046423485581
ActFB	CAD	48	1		0
FCC	CAD	52	1		0
iCAF	CAD	47	1		0
UniFB	CAD	49	1		0
CycFB	CAD	51	1		0
DerFB	CAD	49	1		0
DevFB	CAD	53	1		0
apCAF	CAD	59	0.627991226714941		0.202046423485581
MetFB	CAD	41	1		0
EpiFB	CAD	52	1		0
CytFB	CAD	47	1		0
PapFB	CAD	47	1		0
ProFB	CAD	46	1		0
LipFB	CAD	43	1		0
FCPC	DrinkWeek	53	0.399917519542193		0.398029569925397
myoCAF	DrinkWeek	56	0.206096190075991		0.685930036577252
ActFB	DrinkWeek	59	0.10466520445249		0.980197673869224
FCC	DrinkWeek	57	0.166759845300435		0.777908516431316
iCAF	DrinkWeek	61	0.0625456842714809		1.20380265178582
UniFB	DrinkWeek	60	0.0813470689160568		1.08965809087114
CycFB	DrinkWeek	64	0.0324499868134274	64	1.4887854753461
DerFB	DrinkWeek	67	0.0120576952938644	67	1.91873569524802
DevFB	DrinkWeek	63	0.0429782260151385	63	1.36675151457134
apCAF	DrinkWeek	73	0.00120465386760803	73	2.91913772070897
MetFB	DrinkWeek	62	0.0566919829111605		1.24647835245841
EpiFB	DrinkWeek	58	0.13301042778356		0.876114309774781
CytFB	DrinkWeek	75	0.000694513019584841	75	3.15831960841326
PapFB	DrinkWeek	78	0.000255420696692068	78	3.5927439148448
ProFB	DrinkWeek	68	0.00883348612126971	68	2.05386786896582
LipFB	DrinkWeek	68	0.00883348612126971	68	2.05386786896582
FCPC	FG	42	0.802376619363301		0.0956217348099732
myoCAF	FG	39	0.708836076594368		0.149454186906642
ActFB	FG	43	0.802376619363301		0.0956217348099732
FCC	FG	42	0.802376619363301		0.0956217348099732
iCAF	FG	34	0.583659458551522		0.233840472081041
UniFB	FG	36	0.583659458551522		0.233840472081041
CycFB	FG	46	0.939024503263455		0.0273230749402123
DerFB	FG	40	0.760105214671141		0.119126287997595
DevFB	FG	45	0.873049688623731		0.058961038217681
apCAF	FG	57	0.583659458551522		0.233840472081041
MetFB	FG	44	0.802376619363301		0.0956217348099732
EpiFB	FG	44	0.802376619363301		0.0956217348099732
CytFB	FG	41	0.802376619363301		0.0956217348099732
PapFB	FG	44	0.802376619363301		0.0956217348099732
ProFB	FG	37	0.583659458551522		0.233840472081041
LipFB	FG	43	0.802376619363301		0.0956217348099732
FCPC	GRT	56	0.22081734650999		0.655966813199809
myoCAF	GRT	68	0.00736123843439142	68	2.13304911501344
ActFB	GRT	56	0.22081734650999		0.655966813199809
FCC	GRT	53	0.426578687511673		0.370000846325154
iCAF	GRT	62	0.0566919829111605		1.24647835245841
UniFB	GRT	61	0.0625456842714809		1.20380265178582
CycFB	GRT	62	0.0566919829111605		1.24647835245841
DerFB	GRT	56	0.22081734650999		0.655966813199809
DevFB	GRT	63	0.0491179725887297	63	1.30875956759366
apCAF	GRT	92	1.36724561093467e-08	92	5
MetFB	GRT	56	0.22081734650999		0.655966813199809
EpiFB	GRT	52	0.445384622192557		0.351264781940978
CytFB	GRT	72	0.00312415075663837	72	2.50526801730548
PapFB	GRT	71	0.00312415075663837	71	2.50526801730548
ProFB	GRT	70	0.00312415075663837	70	2.50526801730548
LipFB	GRT	70	0.00312415075663837	70	2.50526801730548
FCPC	IBD	56	0.343493650126651		0.464081286960896
myoCAF	IBD	58	0.343493650126651		0.464081286960896
ActFB	IBD	56	0.343493650126651		0.464081286960896
FCC	IBD	63	0.20848561423827		0.680923906505478
iCAF	IBD	58	0.343493650126651		0.464081286960896
UniFB	IBD	55	0.365021990495061		0.437680970987425
CycFB	IBD	48	0.878622323180772		0.0561977667990524
DerFB	IBD	61	0.20848561423827		0.680923906505478
DevFB	IBD	52	0.509010996791493		0.293272834963291
apCAF	IBD	57	0.343493650126651		0.464081286960896
MetFB	IBD	56	0.343493650126651		0.464081286960896
EpiFB	IBD	61	0.20848561423827		0.680923906505478
CytFB	IBD	54	0.426375853618073		0.370207398112257
PapFB	IBD	51	0.577526963585646		0.23842773461661
ProFB	IBD	52	0.509010996791493		0.293272834963291
LipFB	IBD	55	0.365021990495061		0.437680970987425
FCPC	Insomnia	43	1		0
myoCAF	Insomnia	47	1		0
ActFB	Insomnia	48	1		0
FCC	Insomnia	38	0.900087364632833		0.0457153348534264
iCAF	Insomnia	44	1		0
UniFB	Insomnia	47	1		0
CycFB	Insomnia	40	0.91212625760537		0.03994504194997
DerFB	Insomnia	43	1		0
DevFB	Insomnia	45	1		0
apCAF	Insomnia	57	0.900087364632833		0.0457153348534264
MetFB	Insomnia	53	1		0
EpiFB	Insomnia	48	1		0
CytFB	Insomnia	55	0.91212625760537		0.03994504194997
PapFB	Insomnia	61	0.625456842714809		0.203802651785815
ProFB	Insomnia	49	1		0
LipFB	Insomnia	52	1		0
FCPC	Intel	45	0.818484083084748		0.0869897618179245
myoCAF	Intel	49	0.818484083084748		0.0869897618179245
ActFB	Intel	52	0.818484083084748		0.0869897618179245
FCC	Intel	37	0.583659458551522		0.233840472081041
iCAF	Intel	43	0.818484083084748		0.0869897618179245
UniFB	Intel	42	0.818484083084748		0.0869897618179245
CycFB	Intel	45	0.818484083084748		0.0869897618179245
DerFB	Intel	51	0.818484083084748		0.0869897618179245
DevFB	Intel	60	0.447408879038313		0.349295401376894
apCAF	Intel	83	8.56348454563317e-06	83	5
MetFB	Intel	44	0.818484083084748		0.0869897618179245
EpiFB	Intel	52	0.818484083084748		0.0869897618179245
CytFB	Intel	57	0.583659458551522		0.233840472081041
PapFB	Intel	49	0.818484083084748		0.0869897618179245
ProFB	Intel	51	0.818484083084748		0.0869897618179245
LipFB	Intel	54	0.818484083084748		0.0869897618179245
FCPC	SLE	49	1		0
myoCAF	SLE	52	0.940953624866243		0.0264317803570089
ActFB	SLE	54	0.940953624866243		0.0264317803570089
FCC	SLE	51	0.940953624866243		0.0264317803570089
iCAF	SLE	46	1		0
UniFB	SLE	43	0.940953624866243		0.0264317803570089
CycFB	SLE	48	1		0
DerFB	SLE	46	1		0
DevFB	SLE	52	0.940953624866243		0.0264317803570089
apCAF	SLE	58	0.576378520395426		0.239292212187607
MetFB	SLE	43	0.940953624866243		0.0264317803570089
EpiFB	SLE	47	1		0
CytFB	SLE	59	0.576378520395426		0.239292212187607
PapFB	SLE	50	0.940953624866243		0.0264317803570089
ProFB	SLE	56	0.772860712784965		0.111898768849533
LipFB	SLE	61	0.576378520395426		0.239292212187607
FCPC	MDD	40	0.570078911003356		0.244065024605895
myoCAF	MDD	50	0.862540822794056		0.0642203412464087
ActFB	MDD	41	0.575607730189768		0.239873382288911
FCC	MDD	40	0.570078911003356		0.244065024605895
iCAF	MDD	48	0.937197144726156		0.0281690431988089
UniFB	MDD	41	0.575607730189768		0.239873382288911
CycFB	MDD	49	0.868631546802091		0.0611644020595844
DerFB	MDD	51	0.787536768525881		0.103729160719154
DevFB	MDD	67	0.0241153905877287	67	1.61770569958404
apCAF	MDD	93	5.31510431868532e-09	93	5
MetFB	MDD	47	1		0
EpiFB	MDD	44	0.864097897775862		0.0634370514385719
CytFB	MDD	61	0.156364210678702		0.805862643113778
PapFB	MDD	71	0.00578279980684287	71	2.23786184215747
ProFB	MDD	59	0.251196490685977		0.599986432157618
LipFB	MDD	57	0.389106305701015		0.409931731136722
FCPC	MS	61	0.312728421357405		0.504832647449796
myoCAF	MS	59	0.345827112237255		0.461140961803963
ActFB	MS	58	0.345827112237255		0.461140961803963
FCC	MS	56	0.44163469301998		0.354936817535828
iCAF	MS	51	0.866290445378469		0.0623364755609288
UniFB	MS	51	0.866290445378469		0.0623364755609288
CycFB	MS	48	0.939024503263455		0.0273230749402123
DerFB	MS	58	0.345827112237255		0.461140961803963
DevFB	MS	56	0.44163469301998		0.354936817535828
apCAF	MS	62	0.312728421357405		0.504832647449796
MetFB	MS	49	0.935449358094559		0.0289797186881831
EpiFB	MS	52	0.866290445378469		0.0623364755609288
CytFB	MS	49	0.935449358094559		0.0289797186881831
PapFB	MS	50	0.935449358094559		0.0289797186881831
ProFB	MS	46	0.939024503263455		0.0273230749402123
LipFB	MS	46	0.939024503263455		0.0273230749402123
FCPC	PBC	53	0.639868031267509		0.193909587269473
myoCAF	PBC	56	0.639868031267509		0.193909587269473
ActFB	PBC	60	0.447408879038313		0.349295401376894
FCC	PBC	60	0.447408879038313		0.349295401376894
iCAF	PBC	55	0.639868031267509		0.193909587269473
UniFB	PBC	50	0.878622323180772		0.0561977667990524
CycFB	PBC	48	0.878622323180772		0.0561977667990524
DerFB	PBC	53	0.639868031267509		0.193909587269473
DevFB	PBC	53	0.639868031267509		0.193909587269473
apCAF	PBC	38	0.639868031267509		0.193909587269473
MetFB	PBC	54	0.639868031267509		0.193909587269473
EpiFB	PBC	48	0.878622323180772		0.0561977667990524
CytFB	PBC	45	0.878622323180772		0.0561977667990524
PapFB	PBC	48	0.878622323180772		0.0561977667990524
ProFB	PBC	41	0.639868031267509		0.193909587269473
LipFB	PBC	48	0.878622323180772		0.0561977667990524
FCPC	ReactionTime	46	1		0
myoCAF	ReactionTime	50	0.862540822794056		0.0642203412464087
ActFB	ReactionTime	54	0.822296757413955		0.0849714223031682
FCC	ReactionTime	41	0.822296757413955		0.0849714223031682
iCAF	ReactionTime	50	0.862540822794056		0.0642203412464087
UniFB	ReactionTime	47	1		0
CycFB	ReactionTime	46	1		0
DerFB	ReactionTime	50	0.862540822794056		0.0642203412464087
DevFB	ReactionTime	56	0.772860712784965		0.111898768849533
apCAF	ReactionTime	75	0.00138902603916968	75	2.85728961274928
MetFB	ReactionTime	42	0.862540822794056		0.0642203412464087
EpiFB	ReactionTime	51	0.862540822794056		0.0642203412464087
CytFB	ReactionTime	62	0.170075948733481		0.769357097738751
PapFB	ReactionTime	64	0.113574953846996		0.944717430995829
ProFB	ReactionTime	48	1		0
LipFB	ReactionTime	54	0.822296757413955		0.0849714223031682
FCPC	RA	45	1		0
myoCAF	RA	48	1		0
ActFB	RA	48	1		0
FCC	RA	46	1		0
iCAF	RA	47	1		0
UniFB	RA	53	1		0
CycFB	RA	47	1		0
DerFB	RA	46	1		0
DevFB	RA	46	1		0
apCAF	RA	47	1		0
MetFB	RA	50	1		0
EpiFB	RA	47	1		0
CytFB	RA	54	1		0
PapFB	RA	56	1		0
ProFB	RA	52	1		0
LipFB	RA	57	1		0
FCPC	SCZ	59	0.20933040890498		0.679167678205243
myoCAF	SCZ	60	0.20933040890498		0.679167678205243
ActFB	SCZ	54	0.465137294856079		0.332418837222857
FCC	SCZ	55	0.446137988382852		0.350530795268525
iCAF	SCZ	52	0.509010996791493		0.293272834963291
UniFB	SCZ	52	0.509010996791493		0.293272834963291
CycFB	SCZ	56	0.386430356392483		0.412928764513515
DerFB	SCZ	54	0.465137294856079		0.332418837222857
DevFB	SCZ	65	0.0736133838941431		1.1330432179595
apCAF	SCZ	80	6.08954656587349e-05	80	4.21541504419314
MetFB	SCZ	46	0.939024503263455		0.0273230749402123
EpiFB	SCZ	48	0.937197144726156		0.0281690431988089
CytFB	SCZ	61	0.20848561423827		0.680923906505478
PapFB	SCZ	59	0.20933040890498		0.679167678205243
ProFB	SCZ	52	0.509010996791493		0.293272834963291
LipFB	SCZ	58	0.247019365883754		0.607268997482201
FCPC	SleepDuration	52	0.445384622192557		0.351264781940978
myoCAF	SleepDuration	53	0.426578687511673		0.370000846325154
ActFB	SleepDuration	60	0.111852219759578		0.951355392704856
FCC	SleepDuration	56	0.257620237594988		0.589020023569196
iCAF	SleepDuration	56	0.257620237594988		0.589020023569196
UniFB	SleepDuration	54	0.365465017386919		0.43715418774287
CycFB	SleepDuration	61	0.111852219759578		0.951355392704856
DerFB	SleepDuration	55	0.308864761188129		0.510231638136037
DevFB	SleepDuration	61	0.111852219759578		0.951355392704856
apCAF	SleepDuration	73	0.0036139616028241	73	2.44201646598931
MetFB	SleepDuration	60	0.111852219759578		0.951355392704856
EpiFB	SleepDuration	59	0.125598245342988		0.9010164278216
CytFB	SleepDuration	66	0.046851860307063	66	1.32927316027135
PapFB	SleepDuration	60	0.111852219759578		0.951355392704856
ProFB	SleepDuration	59	0.125598245342988		0.9010164278216
LipFB	SleepDuration	63	0.111852219759578		0.951355392704856
FCPC	SWB	34	0.105994648828878		0.974716059666857
myoCAF	SWB	51	0.721908704482058		0.141517721608554
ActFB	SWB	37	0.201620540606495		0.695465225115242
FCC	SWB	34	0.105994648828878		0.974716059666857
iCAF	SWB	47	1		0
UniFB	SWB	47	1		0
CycFB	SWB	37	0.201620540606495		0.695465225115242
DerFB	SWB	37	0.201620540606495		0.695465225115242
DevFB	SWB	48	1		0
apCAF	SWB	109	4.10083781673418e-15	109	5
MetFB	SWB	53	0.58169821024319		0.235302272427698
EpiFB	SWB	44	0.864097897775862		0.0634370514385719
CytFB	SWB	82	9.2588902404633e-06	82	5
PapFB	SWB	74	0.000660214596484858	74	3.1803148782142
ProFB	SWB	62	0.102045569240089		0.991205847355108
LipFB	SWB	68	0.0110418576515871	68	1.95695785595776
FCPC	T1D	55	0.308864761188129		0.510231638136037
myoCAF	T1D	52	0.475076930338727		0.323236058340734
ActFB	T1D	59	0.291829729275761		0.534870467745022
FCC	T1D	57	0.291829729275761		0.534870467745022
iCAF	T1D	56	0.308864761188129		0.510231638136037
UniFB	T1D	58	0.291829729275761		0.534870467745022
CycFB	T1D	53	0.457048593762506		0.340037622947711
DerFB	T1D	55	0.308864761188129		0.510231638136037
DevFB	T1D	64	0.227149907693992		0.643687435331848
apCAF	T1D	55	0.308864761188129		0.510231638136037
MetFB	T1D	59	0.291829729275761		0.534870467745022
EpiFB	T1D	62	0.255113923100222		0.59326583868307
CytFB	T1D	55	0.308864761188129		0.510231638136037
PapFB	T1D	57	0.291829729275761		0.534870467745022
ProFB	T1D	57	0.291829729275761		0.534870467745022
LipFB	T1D	50	0.646905617095542		0.189159077854709
FCPC	T2D	54	0.365465017386919		0.43715418774287
myoCAF	T2D	50	0.646905617095542		0.189159077854709
ActFB	T2D	57	0.257620237594988		0.589020023569196
FCC	T2D	56	0.257620237594988		0.589020023569196
iCAF	T2D	58	0.257620237594988		0.589020023569196
UniFB	T2D	58	0.257620237594988		0.589020023569196
CycFB	T2D	64	0.0757166358979972		1.12080869005151
DerFB	T2D	57	0.257620237594988		0.589020023569196
DevFB	T2D	52	0.475076930338727		0.323236058340734
apCAF	T2D	66	0.0757166358979972		1.12080869005151
MetFB	T2D	55	0.308864761188129		0.510231638136037
EpiFB	T2D	57	0.257620237594988		0.589020023569196
CytFB	T2D	56	0.257620237594988		0.589020023569196
PapFB	T2D	64	0.0757166358979972		1.12080869005151
ProFB	T2D	56	0.257620237594988		0.589020023569196
LipFB	T2D	61	0.156364210678702		0.805862643113778
FCPC	UC	57	0.212239803109644		0.673173165911303
myoCAF	UC	53	0.533223359389591		0.273090833317097
ActFB	UC	59	0.139553605936654		0.855258937260925
FCC	UC	60	0.127831108296661		0.89336344572717
iCAF	UC	60	0.127831108296661		0.89336344572717
UniFB	UC	59	0.139553605936654		0.855258937260925
CycFB	UC	46	0.939024503263455		0.0273230749402123
DerFB	UC	60	0.127831108296661		0.89336344572717
DevFB	UC	48	0.937197144726156		0.0281690431988089
apCAF	UC	49	0.868631546802091		0.0611644020595844
MetFB	UC	66	0.0736133838941431		1.1330432179595
EpiFB	UC	64	0.0757166358979972		1.12080869005151
CytFB	UC	57	0.212239803109644		0.673173165911303
PapFB	UC	50	0.796191528732975		0.0989824475056206
ProFB	UC	65	0.0736133838941431		1.1330432179595
LipFB	UC	61	0.127831108296661		0.89336344572717
FCPC	VNR	43	0.940953624866243		0.0264317803570089
myoCAF	VNR	40	0.822296757413955		0.0849714223031682
ActFB	VNR	48	1		0
FCC	VNR	43	0.940953624866243		0.0264317803570089
iCAF	VNR	41	0.822296757413955		0.0849714223031682
UniFB	VNR	42	0.940953624866243		0.0264317803570089
CycFB	VNR	39	0.822296757413955		0.0849714223031682
DerFB	VNR	49	1		0
DevFB	VNR	48	1		0
apCAF	VNR	80	6.08954656587349e-05	80	4.21541504419314
MetFB	VNR	47	1		0
EpiFB	VNR	54	0.822296757413955		0.0849714223031682
CytFB	VNR	56	0.822296757413955		0.0849714223031682
PapFB	VNR	57	0.822296757413955		0.0849714223031682
ProFB	VNR	50	0.940953624866243		0.0264317803570089
LipFB	VNR	47	1		0
FCPC	Worry	48	0.939024503263455		0.0273230749402123
myoCAF	Worry	51	0.939024503263455		0.0273230749402123
ActFB	Worry	46	0.939024503263455		0.0273230749402123
FCC	Worry	46	0.939024503263455		0.0273230749402123
iCAF	Worry	46	0.939024503263455		0.0273230749402123
UniFB	Worry	45	0.939024503263455		0.0273230749402123
CycFB	Worry	42	0.939024503263455		0.0273230749402123
DerFB	Worry	45	0.939024503263455		0.0273230749402123
DevFB	Worry	61	0.156364210678702		0.805862643113778
apCAF	Worry	81	4.0249125556915e-05	81	4.39524355057392
MetFB	Worry	48	0.939024503263455		0.0273230749402123
EpiFB	Worry	49	0.939024503263455		0.0273230749402123
CytFB	Worry	70	0.00781037689159593	70	2.10732800863345
PapFB	Worry	66	0.031234573538042	66	1.50536441932704
ProFB	Worry	52	0.939024503263455		0.0273230749402123
LipFB	Worry	53	0.939024503263455		0.0273230749402123
FCPC	ALT	62	0.0566919829111605		1.24647835245841
myoCAF	ALT	63	0.0429782260151385	63	1.36675151457134
ActFB	ALT	64	0.0324499868134274	64	1.4887854753461
FCC	ALT	58	0.123509682941877		0.908298993146183
iCAF	ALT	61	0.0625456842714809		1.20380265178582
UniFB	ALT	64	0.0324499868134274	64	1.4887854753461
CycFB	ALT	54	0.319781890213555		0.495146134720557
DerFB	ALT	64	0.0324499868134274	64	1.4887854753461
DevFB	ALT	64	0.0324499868134274	64	1.4887854753461
apCAF	ALT	76	0.000723664128294905	76	3.14046295462238
MetFB	ALT	59	0.10466520445249		0.980197673869224
EpiFB	ALT	58	0.123509682941877		0.908298993146183
CytFB	ALT	66	0.031234573538042	66	1.50536441932704
PapFB	ALT	59	0.10466520445249		0.980197673869224
ProFB	ALT	57	0.155642522280406		0.80787173980876
LipFB	ALT	68	0.0220837153031743	68	1.65592786029378
FCPC	ALP	63	0.102045569240089		0.991205847355108
myoCAF	ALP	60	0.111852219759578		0.951355392704856
ActFB	ALP	62	0.102045569240089		0.991205847355108
FCC	ALP	61	0.104242807119135		0.981953902169459
iCAF	ALP	62	0.102045569240089		0.991205847355108
UniFB	ALP	57	0.233463783420609		0.631780480753078
CycFB	ALP	55	0.365021990495061		0.437680970987425
DerFB	ALP	66	0.0937037206141259		1.02824316460737
DevFB	ALP	60	0.111852219759578		0.951355392704856
apCAF	ALP	43	0.592259185412485		0.227488195032345
MetFB	ALP	54	0.365465017386919		0.43715418774287
EpiFB	ALP	54	0.365465017386919		0.43715418774287
CytFB	ALP	54	0.365465017386919		0.43715418774287
PapFB	ALP	57	0.233463783420609		0.631780480753078
ProFB	ALP	53	0.426578687511673		0.370000846325154
LipFB	ALP	62	0.102045569240089		0.991205847355108
FCPC	TC	52	0.802376619363301		0.0956217348099732
myoCAF	TC	47	1		0
ActFB	TC	55	0.802376619363301		0.0956217348099732
FCC	TC	52	0.802376619363301		0.0956217348099732
iCAF	TC	51	0.802376619363301		0.0956217348099732
UniFB	TC	47	1		0
CycFB	TC	50	0.802376619363301		0.0956217348099732
DerFB	TC	56	0.802376619363301		0.0956217348099732
DevFB	TC	50	0.802376619363301		0.0956217348099732
apCAF	TC	50	0.802376619363301		0.0956217348099732
MetFB	TC	44	0.802376619363301		0.0956217348099732
EpiFB	TC	53	0.802376619363301		0.0956217348099732
CytFB	TC	51	0.802376619363301		0.0956217348099732
PapFB	TC	50	0.802376619363301		0.0956217348099732
ProFB	TC	44	0.802376619363301		0.0956217348099732
LipFB	TC	56	0.802376619363301		0.0956217348099732
FCPC	Glucose	43	1		0
myoCAF	Glucose	42	1		0
ActFB	Glucose	47	1		0
FCC	Glucose	43	1		0
iCAF	Glucose	45	1		0
UniFB	Glucose	44	1		0
CycFB	Glucose	53	1		0
DerFB	Glucose	47	1		0
DevFB	Glucose	48	1		0
apCAF	Glucose	66	0.0937037206141259		1.02824316460737
MetFB	Glucose	44	1		0
EpiFB	Glucose	47	1		0
CytFB	Glucose	53	1		0
PapFB	Glucose	54	1		0
ProFB	Glucose	48	1		0
LipFB	Glucose	55	1		0
FCPC	HbA1c	41	0.935410380668284		0.0289978148402377
myoCAF	HbA1c	43	0.935410380668284		0.0289978148402377
ActFB	HbA1c	46	0.939024503263455		0.0273230749402123
FCC	HbA1c	42	0.935410380668284		0.0289978148402377
iCAF	HbA1c	43	0.935410380668284		0.0289978148402377
UniFB	HbA1c	39	0.935410380668284		0.0289978148402377
CycFB	HbA1c	46	0.939024503263455		0.0273230749402123
DerFB	HbA1c	45	0.935410380668284		0.0289978148402377
DevFB	HbA1c	50	0.935410380668284		0.0289978148402377
apCAF	HbA1c	49	0.935410380668284		0.0289978148402377
MetFB	HbA1c	45	0.935410380668284		0.0289978148402377
EpiFB	HbA1c	37	0.935410380668284		0.0289978148402377
CytFB	HbA1c	45	0.935410380668284		0.0289978148402377
PapFB	HbA1c	44	0.935410380668284		0.0289978148402377
ProFB	HbA1c	39	0.935410380668284		0.0289978148402377
LipFB	HbA1c	55	0.935410380668284		0.0289978148402377
FCPC	HDL	54	0.647832177734628		0.188537484443278
myoCAF	HDL	52	0.647832177734628		0.188537484443278
ActFB	HDL	57	0.583659458551522		0.233840472081041
FCC	HDL	53	0.647832177734628		0.188537484443278
iCAF	HDL	48	0.878622323180772		0.0561977667990524
UniFB	HDL	54	0.647832177734628		0.188537484443278
CycFB	HDL	43	0.728934382046136		0.137311564683257
DerFB	HDL	58	0.583659458551522		0.233840472081041
DevFB	HDL	52	0.647832177734628		0.188537484443278
apCAF	HDL	57	0.583659458551522		0.233840472081041
MetFB	HDL	55	0.647832177734628		0.188537484443278
EpiFB	HDL	50	0.739320705252048		0.131167130877022
CytFB	HDL	52	0.647832177734628		0.188537484443278
PapFB	HDL	51	0.721908704482058		0.141517721608554
ProFB	HDL	48	0.878622323180772		0.0561977667990524
LipFB	HDL	59	0.583659458551522		0.233840472081041
FCPC	LDL	60	0.548165688852377		0.26108815159189
myoCAF	LDL	49	0.868631546802091		0.0611644020595844
ActFB	LDL	58	0.548165688852377		0.26108815159189
FCC	LDL	54	0.548165688852377		0.26108815159189
iCAF	LDL	57	0.548165688852377		0.26108815159189
UniFB	LDL	53	0.548165688852377		0.26108815159189
CycFB	LDL	52	0.548165688852377		0.26108815159189
DerFB	LDL	57	0.548165688852377		0.26108815159189
DevFB	LDL	54	0.548165688852377		0.26108815159189
apCAF	LDL	52	0.548165688852377		0.26108815159189
MetFB	LDL	46	1		0
EpiFB	LDL	53	0.548165688852377		0.26108815159189
CytFB	LDL	54	0.548165688852377		0.26108815159189
PapFB	LDL	54	0.548165688852377		0.26108815159189
ProFB	LDL	47	1		0
LipFB	LDL	54	0.548165688852377		0.26108815159189
FCPC	SHBG	61	0.125091368542962		0.902772656121834
myoCAF	SHBG	55	0.286802992531834		0.542416321507438
ActFB	SHBG	65	0.0736133838941431		1.1330432179595
FCC	SHBG	62	0.125091368542962		0.902772656121834
iCAF	SHBG	60	0.127831108296661		0.89336344572717
UniFB	SHBG	54	0.341100682894458		0.467117411120313
CycFB	SHBG	57	0.212239803109644		0.673173165911303
DerFB	SHBG	72	0.00651358756557293	72	2.18617974403128
DevFB	SHBG	62	0.125091368542962		0.902772656121834
apCAF	SHBG	58	0.192126173465142		0.71641346690727
MetFB	SHBG	55	0.286802992531834		0.542416321507438
EpiFB	SHBG	57	0.212239803109644		0.673173165911303
CytFB	SHBG	58	0.192126173465142		0.71641346690727
PapFB	SHBG	55	0.286802992531834		0.542416321507438
ProFB	SHBG	52	0.445384622192557		0.351264781940978
LipFB	SHBG	60	0.127831108296661		0.89336344572717
FCPC	TST	49	1		0
myoCAF	TST	47	1		0
ActFB	TST	50	1		0
FCC	TST	47	1		0
iCAF	TST	48	1		0
UniFB	TST	45	1		0
CycFB	TST	48	1		0
DerFB	TST	56	1		0
DevFB	TST	51	1		0
apCAF	TST	51	1		0
MetFB	TST	45	1		0
EpiFB	TST	47	1		0
CytFB	TST	54	1		0
PapFB	TST	53	1		0
ProFB	TST	44	1		0
LipFB	TST	56	1		0
FCPC	TBIL	54	0.393577711032067		0.404969504371469
myoCAF	TBIL	59	0.20933040890498		0.679167678205243
ActFB	TBIL	62	0.127556961550111		0.894295834347051
FCC	TBIL	54	0.393577711032067		0.404969504371469
iCAF	TBIL	53	0.445384622192557		0.351264781940978
UniFB	TBIL	52	0.445384622192557		0.351264781940978
CycFB	TBIL	58	0.216141945148285		0.665260944459888
DerFB	TBIL	64	0.114608602707036		0.940782782299061
DevFB	TBIL	54	0.393577711032067		0.404969504371469
apCAF	TBIL	56	0.309144285113986		0.509838777521571
MetFB	TBIL	58	0.216141945148285		0.665260944459888
EpiFB	TBIL	63	0.114608602707036		0.940782782299061
CytFB	TBIL	59	0.20933040890498		0.679167678205243
PapFB	TBIL	52	0.445384622192557		0.351264781940978
ProFB	TBIL	57	0.259404203800676		0.586022990192403
LipFB	TBIL	63	0.114608602707036		0.940782782299061
FCPC	TP	61	0.0481120648242161	61	1.31774600409265
myoCAF	TP	65	0.0210323953983266	65	1.67711126230977
ActFB	TP	62	0.0463843496545859	62	1.33362852817731
FCC	TP	60	0.0639155541483304		1.19439344139115
iCAF	TP	64	0.0283937384617489	64	1.54677742232379
UniFB	TP	67	0.0144692343526373	67	1.8395544492004
CycFB	TP	59	0.0784989033393677		1.10513641047752
DerFB	TP	62	0.0463843496545859	62	1.33362852817731
DevFB	TP	59	0.0784989033393677		1.10513641047752
apCAF	TP	69	0.00662060923189623	69	2.1791020447179
MetFB	TP	63	0.038202867569012	63	1.41790403701872
EpiFB	TP	66	0.015617286769021	66	1.80639441499102
CytFB	TP	73	0.00120465386760803	73	2.91913772070897
PapFB	TP	77	0.000373764359862813	77	3.42740211294342
ProFB	TP	61	0.0481120648242161	61	1.31774600409265
LipFB	TP	74	0.000990321894727287	74	3.00422361915852
FCPC	TG	60	0.125598245342988		0.9010164278216
myoCAF	TG	53	0.426578687511673		0.370000846325154
ActFB	TG	66	0.046851860307063	66	1.32927316027135
FCC	TG	59	0.125598245342988		0.9010164278216
iCAF	TG	56	0.257620237594988		0.589020023569196
UniFB	TG	59	0.125598245342988		0.9010164278216
CycFB	TG	51	0.541431528361543		0.266456458216854
DerFB	TG	63	0.0687651616242216		1.16263153191542
DevFB	TG	56	0.257620237594988		0.589020023569196
apCAF	TG	59	0.125598245342988		0.9010164278216
MetFB	TG	59	0.125598245342988		0.9010164278216
EpiFB	TG	54	0.365465017386919		0.43715418774287
CytFB	TG	65	0.0490755892627621	65	1.30913447701518
PapFB	TG	63	0.0687651616242216		1.16263153191542
ProFB	TG	55	0.308864761188129		0.510231638136037
LipFB	TG	71	0.0115655996136857	71	1.93683184649349
FCPC	EOS	65	0.0368066919470715	65	1.43407321362348
myoCAF	EOS	64	0.0454299815387983	64	1.34265743966787
ActFB	EOS	68	0.0220837153031743	68	1.65592786029378
FCC	EOS	63	0.057304301353518		1.24181277796304
iCAF	EOS	59	0.10466520445249		0.980197673869224
UniFB	EOS	62	0.0694952047460899		1.15804516122514
CycFB	EOS	55	0.250952618465354		0.600408268485125
DerFB	EOS	70	0.0156207537831919	70	1.80629801296947
DevFB	EOS	61	0.0694952047460899		1.15804516122514
apCAF	EOS	57	0.166759845300435		0.777908516431316
MetFB	EOS	61	0.0694952047460899		1.15804516122514
EpiFB	EOS	65	0.0368066919470715	65	1.43407321362348
CytFB	EOS	59	0.10466520445249		0.980197673869224
PapFB	EOS	59	0.10466520445249		0.980197673869224
ProFB	EOS	57	0.166759845300435		0.777908516431316
LipFB	EOS	56	0.206096190075991		0.685930036577252
FCPC	LYM	51	0.739320705252048		0.131167130877022
myoCAF	LYM	56	0.739320705252048		0.131167130877022
ActFB	LYM	51	0.739320705252048		0.131167130877022
FCC	LYM	52	0.739320705252048		0.131167130877022
iCAF	LYM	50	0.739320705252048		0.131167130877022
UniFB	LYM	57	0.739320705252048		0.131167130877022
CycFB	LYM	42	0.739320705252048		0.131167130877022
DerFB	LYM	50	0.739320705252048		0.131167130877022
DevFB	LYM	46	0.939024503263455		0.0273230749402123
apCAF	LYM	60	0.739320705252048		0.131167130877022
MetFB	LYM	53	0.739320705252048		0.131167130877022
EpiFB	LYM	48	0.937197144726156		0.0281690431988089
CytFB	LYM	55	0.739320705252048		0.131167130877022
PapFB	LYM	54	0.739320705252048		0.131167130877022
ProFB	LYM	50	0.739320705252048		0.131167130877022
LipFB	LYM	53	0.739320705252048		0.131167130877022
FCPC	MCH	50	0.862540822794056		0.0642203412464087
myoCAF	MCH	59	0.618288570227972		0.20880878185759
ActFB	MCH	57	0.618288570227972		0.20880878185759
FCC	MCH	51	0.862540822794056		0.0642203412464087
iCAF	MCH	45	0.878622323180772		0.0561977667990524
UniFB	MCH	53	0.799835039084386		0.0969995742614163
CycFB	MCH	53	0.799835039084386		0.0969995742614163
DerFB	MCH	48	0.878622323180772		0.0561977667990524
DevFB	MCH	54	0.799835039084386		0.0969995742614163
apCAF	MCH	51	0.862540822794056		0.0642203412464087
MetFB	MCH	48	0.878622323180772		0.0561977667990524
EpiFB	MCH	48	0.878622323180772		0.0561977667990524
CytFB	MCH	56	0.618288570227972		0.20880878185759
PapFB	MCH	57	0.618288570227972		0.20880878185759
ProFB	MCH	50	0.862540822794056		0.0642203412464087
LipFB	MCH	56	0.618288570227972		0.20880878185759
FCPC	MONO	40	1		0
myoCAF	MONO	47	1		0
ActFB	MONO	44	1		0
FCC	MONO	43	1		0
iCAF	MONO	46	1		0
UniFB	MONO	49	1		0
CycFB	MONO	40	1		0
DerFB	MONO	49	1		0
DevFB	MONO	47	1		0
apCAF	MONO	60	0.894817758076625		0.0482654057129128
MetFB	MONO	54	1		0
EpiFB	MONO	46	1		0
CytFB	MONO	54	1		0
PapFB	MONO	49	1		0
ProFB	MONO	50	1		0
LipFB	MONO	52	1		0
FCPC	PLT	58	0.192126173465142		0.71641346690727
myoCAF	PLT	76	0.000723664128294905	76	3.14046295462238
ActFB	PLT	63	0.085956452030277		1.06572151890736
FCC	PLT	56	0.257620237594988		0.589020023569196
iCAF	PLT	59	0.156997806678735		0.804106414813543
UniFB	PLT	62	0.102045569240089		0.991205847355108
CycFB	PLT	59	0.156997806678735		0.804106414813543
DerFB	PLT	61	0.104242807119135		0.981953902169459
DevFB	PLT	67	0.0361730858815931	67	1.44161444052836
apCAF	PLT	51	0.577526963585646		0.23842773461661
MetFB	PLT	57	0.233463783420609		0.631780480753078
EpiFB	PLT	63	0.085956452030277		1.06572151890736
CytFB	PLT	54	0.365465017386919		0.43715418774287
PapFB	PLT	54	0.365465017386919		0.43715418774287
ProFB	PLT	45	0.818484083084748		0.0869897618179245
LipFB	PLT	56	0.257620237594988		0.589020023569196
FCPC	RDW	54	0.647832177734628		0.188537484443278
myoCAF	RDW	59	0.418660817809961		0.378137682541262
ActFB	RDW	53	0.647832177734628		0.188537484443278
FCC	RDW	52	0.647832177734628		0.188537484443278
iCAF	RDW	53	0.647832177734628		0.188537484443278
UniFB	RDW	51	0.666377265675746		0.176279827867765
CycFB	RDW	59	0.418660817809961		0.378137682541262
DerFB	RDW	54	0.647832177734628		0.188537484443278
DevFB	RDW	57	0.583659458551522		0.233840472081041
apCAF	RDW	42	0.654724233780319		0.183941583925585
MetFB	RDW	49	0.810722777015285		0.0911276254370276
EpiFB	RDW	54	0.647832177734628		0.188537484443278
CytFB	RDW	49	0.810722777015285		0.0911276254370276
PapFB	RDW	52	0.647832177734628		0.188537484443278
ProFB	RDW	48	0.878622323180772		0.0561977667990524
LipFB	RDW	59	0.418660817809961		0.378137682541262
FCPC	RBC	48	1		0
myoCAF	RBC	52	0.890769244385113		0.0502347862769968
ActFB	RBC	56	0.803048379089134		0.0952582901652191
FCC	RBC	53	0.890769244385113		0.0502347862769968
iCAF	RBC	45	1		0
UniFB	RBC	49	1		0
CycFB	RBC	53	0.890769244385113		0.0502347862769968
DerFB	RBC	45	1		0
DevFB	RBC	47	1		0
apCAF	RBC	55	0.803048379089134		0.0952582901652191
MetFB	RBC	47	1		0
EpiFB	RBC	50	1		0
CytFB	RBC	59	0.803048379089134		0.0952582901652191
PapFB	RBC	55	0.803048379089134		0.0952582901652191
ProFB	RBC	43	1		0
LipFB	RBC	56	0.803048379089134		0.0952582901652191
FCPC	WBC	66	0.046851860307063	66	1.32927316027135
myoCAF	WBC	61	0.125091368542962		0.902772656121834
ActFB	WBC	61	0.125091368542962		0.902772656121834
FCC	WBC	64	0.0757166358979972		1.12080869005151
iCAF	WBC	58	0.172913556118628		0.762170957467945
UniFB	WBC	59	0.139553605936654		0.855258937260925
CycFB	WBC	53	0.457048593762506		0.340037622947711
DerFB	WBC	55	0.334603491287139		0.475469531876825
DevFB	WBC	59	0.139553605936654		0.855258937260925
apCAF	WBC	67	0.046851860307063	67	1.32927316027135
MetFB	WBC	57	0.212239803109644		0.673173165911303
EpiFB	WBC	60	0.127831108296661		0.89336344572717
CytFB	WBC	54	0.393577711032067		0.404969504371469
PapFB	WBC	60	0.127831108296661		0.89336344572717
ProFB	WBC	49	0.760052603451829		0.119156349037271
LipFB	WBC	51	0.577526963585646		0.23842773461661
FCPC	BMD.HT	56	0.237803296241528		0.623782129828408
myoCAF	BMD.HT	70	0.00260345896386531	70	2.58444926335311
ActFB	BMD.HT	62	0.0510227846200444		1.29223584301909
FCC	BMD.HT	56	0.237803296241528		0.623782129828408
iCAF	BMD.HT	55	0.286802992531834		0.542416321507438
UniFB	BMD.HT	62	0.0510227846200444		1.29223584301909
CycFB	BMD.HT	54	0.319781890213555		0.495146134720557
DerFB	BMD.HT	54	0.319781890213555		0.495146134720557
DevFB	BMD.HT	57	0.212239803109644		0.673173165911303
apCAF	BMD.HT	98	1.07114774998692e-10	98	5
MetFB	BMD.HT	67	0.0103351673947409	67	1.98568248487863
EpiFB	BMD.HT	65	0.0184033459735358	65	1.73510320928746
CytFB	BMD.HT	76	0.000241221376098302	76	3.61758420934204
PapFB	BMD.HT	78	0.000127710348346034	78	3.89377391050878
ProFB	BMD.HT	73	0.00072279232056482	73	3.14098647032533
LipFB	BMD.HT	73	0.00072279232056482	73	3.14098647032533
FCPC	Balding	54	0.341100682894458		0.467117411120313
myoCAF	Balding	59	0.139553605936654		0.855258937260925
ActFB	Balding	56	0.237803296241528		0.623782129828408
FCC	Balding	55	0.286802992531834		0.542416321507438
iCAF	Balding	57	0.194553152850507		0.710961726800703
UniFB	Balding	61	0.0781821053393512		1.10689263877776
CycFB	Balding	52	0.445384622192557		0.351264781940978
DerFB	Balding	58	0.172913556118628		0.762170957467945
DevFB	Balding	57	0.194553152850507		0.710961726800703
apCAF	Balding	109	4.10083781673418e-15	109	5
MetFB	Balding	69	0.00441373948793082	69	2.35519330377358
EpiFB	Balding	66	0.013386245802018	66	1.87334120462163
CytFB	Balding	85	7.85700636858826e-07	85	5
PapFB	Balding	77	9.34410899657033e-05	77	4.02946210427138
ProFB	Balding	71	0.00231311992273715	71	2.63580185082951
LipFB	Balding	85	7.85700636858826e-07	85	5
FCPC	BMI	39	0.393797820330204		0.404726692009948
myoCAF	BMI	54	0.511651024341687		0.291026152064632
ActFB	BMI	46	1		0
FCC	BMI	36	0.210708914213216		0.676317090819437
iCAF	BMI	36	0.210708914213216		0.676317090819437
UniFB	BMI	33	0.106239130785842		0.973715491218309
CycFB	BMI	38	0.337532761737313		0.471684067125708
DerFB	BMI	45	1		0
DevFB	BMI	47	1		0
apCAF	BMI	99	3.60872740058245e-11	99	5
MetFB	BMI	47	1		0
EpiFB	BMI	52	0.593846162923409		0.226326045332678
CytFB	BMI	66	0.046851860307063	66	1.32927316027135
PapFB	BMI	65	0.0490755892627621	65	1.30913447701518
ProFB	BMI	53	0.58169821024319		0.235302272427698
LipFB	BMI	60	0.178963551615325		0.747235410048932
FCPC	Height	58	0.123509682941877		0.908298993146183
myoCAF	Height	64	0.0227149907693992	64	1.64368743533185
ActFB	Height	68	0.00630963294376408	68	2.19999590464406
FCC	Height	57	0.155642522280406		0.80787173980876
iCAF	Height	62	0.0425189871833704	62	1.37141708906671
UniFB	Height	63	0.0312568916473735	63	1.50505421273762
CycFB	Height	60	0.0688321352366635		1.16220875801975
DerFB	Height	64	0.0227149907693992	64	1.64368743533185
DevFB	Height	56	0.193215178196241		0.713958760177496
apCAF	Height	70	0.00260345896386531	70	2.58444926335311
MetFB	Height	72	0.00162839689139323	72	2.78823973535924
EpiFB	Height	76	0.000723664128294905	76	3.14046295462238
CytFB	Height	71	0.00231311992273715	71	2.63580185082951
PapFB	Height	74	0.000990321894727287	74	3.00422361915852
ProFB	Height	65	0.0184033459735358	65	1.73510320928746
LipFB	Height	72	0.00162839689139323	72	2.78823973535924
FCPC	WHR	56	0.206096190075991		0.685930036577252
myoCAF	WHR	63	0.038202867569012	63	1.41790403701872
ActFB	WHR	60	0.0639155541483304		1.19439344139115
FCC	WHR	61	0.0568597129740736		1.24519533694404
iCAF	WHR	63	0.038202867569012	63	1.41790403701872
UniFB	WHR	60	0.0639155541483304		1.19439344139115
CycFB	WHR	63	0.038202867569012	63	1.41790403701872
DerFB	WHR	62	0.0510227846200444		1.29223584301909
DevFB	WHR	52	0.445384622192557		0.351264781940978
apCAF	WHR	96	5.74543147197323e-10	96	5
MetFB	WHR	76	0.000144732825658981	76	3.8394329589584
EpiFB	WHR	60	0.0639155541483304		1.19439344139115
CytFB	WHR	83	2.14087113640829e-06	83	5
PapFB	WHR	86	3.47894174423467e-07	86	5
ProFB	WHR	70	0.00260345896386531	70	2.58444926335311
LipFB	WHR	89	7.77340875666631e-08	89	5
FCPC	DBP	45	1		0
myoCAF	DBP	65	0.0368066919470715	65	1.43407321362348
ActFB	DBP	48	1		0
FCC	DBP	44	1		0
iCAF	DBP	49	1		0
UniFB	DBP	46	1		0
CycFB	DBP	47	1		0
DerFB	DBP	46	1		0
DevFB	DBP	47	1		0
apCAF	DBP	87	6.19754524646585e-07	87	5
MetFB	DBP	55	0.573605985063667		0.241386325843457
EpiFB	DBP	49	1		0
CytFB	DBP	70	0.00781037689159593	70	2.10732800863345
PapFB	DBP	64	0.0454299815387983	64	1.34265743966787
ProFB	DBP	58	0.288189260197713		0.540322207851588
LipFB	DBP	67	0.0241153905877287	67	1.61770569958404
FCPC	SBP	51	0.666377265675746		0.176279827867765
myoCAF	SBP	56	0.343493650126651		0.464081286960896
ActFB	SBP	62	0.102045569240089		0.991205847355108
FCC	SBP	42	0.666377265675746		0.176279827867765
iCAF	SBP	51	0.666377265675746		0.176279827867765
UniFB	SBP	50	0.739320705252048		0.131167130877022
CycFB	SBP	59	0.20933040890498		0.679167678205243
DerFB	SBP	53	0.639868031267509		0.193909587269473
DevFB	SBP	48	0.878622323180772		0.0561977667990524
apCAF	SBP	93	5.31510431868532e-09	93	5
MetFB	SBP	58	0.247019365883754		0.607268997482201
EpiFB	SBP	49	0.810722777015285		0.0911276254370276
CytFB	SBP	63	0.102045569240089		0.991205847355108
PapFB	SBP	62	0.102045569240089		0.991205847355108
ProFB	SBP	57	0.291829729275761		0.534870467745022
LipFB	SBP	66	0.046851860307063	66	1.32927316027135
FCPC	BreastCancer	49	0.935449358094559		0.0289797186881831
myoCAF	BreastCancer	53	0.710964479186121		0.148152096708798
ActFB	BreastCancer	48	0.937197144726156		0.0281690431988089
FCC	BreastCancer	51	0.861467906054524		0.0647608975346449
iCAF	BreastCancer	49	0.935449358094559		0.0289797186881831
UniFB	BreastCancer	48	0.937197144726156		0.0281690431988089
CycFB	BreastCancer	43	0.861467906054524		0.0647608975346449
DerFB	BreastCancer	55	0.501905236930709		0.299378272821144
DevFB	BreastCancer	39	0.501905236930709		0.299378272821144
apCAF	BreastCancer	82	1.85177804809266e-05	82	4.73241106855318
MetFB	BreastCancer	59	0.313995613357471		0.503076419149562
EpiFB	BreastCancer	47	1		0
CytFB	BreastCancer	63	0.171912904060554		0.76469152324338
PapFB	BreastCancer	58	0.345827112237255		0.461140961803963
ProFB	BreastCancer	57	0.389106305701015		0.409931731136722
LipFB	BreastCancer	59	0.313995613357471		0.503076419149562
FCPC	ECOL	36	0.368740599873128		0.433279042133142
myoCAF	ECOL	51	0.721908704482058		0.141517721608554
ActFB	ECOL	47	1		0
FCC	ECOL	42	0.714244618669438		0.146153023036185
iCAF	ECOL	42	0.714244618669438		0.146153023036185
UniFB	ECOL	46	1		0
CycFB	ECOL	41	0.714244618669438		0.146153023036185
DerFB	ECOL	45	0.935410380668284		0.0289978148402377
DevFB	ECOL	57	0.389106305701015		0.409931731136722
apCAF	ECOL	90	6.11468764984326e-08	90	5
MetFB	ECOL	49	0.935410380668284		0.0289978148402377
EpiFB	ECOL	52	0.714244618669438		0.146153023036185
CytFB	ECOL	65	0.0736133838941431		1.1330432179595
PapFB	ECOL	57	0.389106305701015		0.409931731136722
ProFB	ECOL	53	0.714244618669438		0.146153023036185
LipFB	ECOL	59	0.368740599873128		0.433279042133142
FCPC	EY	44	1		0
myoCAF	EY	61	0.125091368542962		0.902772656121834
ActFB	EY	47	1		0
FCC	EY	43	0.947614696659977		0.0233682123764199
iCAF	EY	47	1		0
UniFB	EY	51	0.947614696659977		0.0233682123764199
CycFB	EY	41	0.71950966273721		0.142963369280855
DerFB	EY	47	1		0
DevFB	EY	55	0.573605985063667		0.241386325843457
apCAF	EY	92	1.36724561093467e-08	92	5
MetFB	EY	47	1		0
EpiFB	EY	47	1		0
CytFB	EY	68	0.0220837153031743	68	1.65592786029378
PapFB	EY	63	0.114608602707036		0.940782782299061
ProFB	EY	59	0.20933040890498		0.679167678205243
LipFB	EY	61	0.125091368542962		0.902772656121834
FCPC	Smoking	40	0.647832177734628		0.188537484443278
myoCAF	Smoking	53	0.647832177734628		0.188537484443278
ActFB	Smoking	46	0.939024503263455		0.0273230749402123
FCC	Smoking	37	0.40324108121299		0.394435229451261
iCAF	Smoking	46	0.939024503263455		0.0273230749402123
UniFB	Smoking	44	0.864097897775862		0.0634370514385719
CycFB	Smoking	45	0.935410380668284		0.0289978148402377
DerFB	Smoking	41	0.647832177734628		0.188537484443278
DevFB	Smoking	52	0.647832177734628		0.188537484443278
apCAF	Smoking	88	2.59205022467848e-07	88	5
MetFB	Smoking	54	0.647832177734628		0.188537484443278
EpiFB	Smoking	52	0.647832177734628		0.188537484443278
CytFB	Smoking	73	0.00180698080141205	73	2.74304646165329
PapFB	Smoking	66	0.031234573538042	66	1.50536441932704
ProFB	Smoking	51	0.721908704482058		0.141517721608554
LipFB	Smoking	62	0.127556961550111		0.894295834347051
FCPC	AIT	49	0.868631546802091		0.0611644020595844
myoCAF	AIT	51	0.721908704482058		0.141517721608554
ActFB	AIT	55	0.669206982574279		0.174439536212844
FCC	AIT	56	0.618288570227972		0.20880878185759
iCAF	AIT	49	0.868631546802091		0.0611644020595844
UniFB	AIT	46	0.939024503263455		0.0273230749402123
CycFB	AIT	48	0.937197144726156		0.0281690431988089
DerFB	AIT	52	0.712615395508091		0.147144799285053
DevFB	AIT	51	0.721908704482058		0.141517721608554
apCAF	AIT	56	0.618288570227972		0.20880878185759
MetFB	AIT	54	0.712615395508091		0.147144799285053
EpiFB	AIT	52	0.712615395508091		0.147144799285053
CytFB	AIT	56	0.618288570227972		0.20880878185759
PapFB	AIT	52	0.712615395508091		0.147144799285053
ProFB	AIT	60	0.618288570227972		0.20880878185759
LipFB	AIT	57	0.618288570227972		0.20880878185759
FCPC	Eczema	53	0.58169821024319		0.235302272427698
myoCAF	Eczema	59	0.288189260197713		0.540322207851588
ActFB	Eczema	58	0.288189260197713		0.540322207851588
FCC	Eczema	58	0.288189260197713		0.540322207851588
iCAF	Eczema	50	0.690032658235245		0.161130354254465
UniFB	Eczema	50	0.690032658235245		0.161130354254465
CycFB	Eczema	51	0.666377265675746		0.176279827867765
DerFB	Eczema	63	0.288189260197713		0.540322207851588
DevFB	Eczema	48	0.878622323180772		0.0561977667990524
apCAF	Eczema	57	0.291829729275761		0.534870467745022
MetFB	Eczema	59	0.288189260197713		0.540322207851588
EpiFB	Eczema	60	0.288189260197713		0.540322207851588
CytFB	Eczema	57	0.291829729275761		0.534870467745022
PapFB	Eczema	51	0.666377265675746		0.176279827867765
ProFB	Eczema	54	0.511651024341687		0.291026152064632
LipFB	Eczema	54	0.511651024341687		0.291026152064632
FCPC	ASM	48	0.937197144726156		0.0281690431988089
myoCAF	ASM	58	0.432283890296569		0.364230948795907
ActFB	ASM	53	0.787536768525881		0.103729160719154
FCC	ASM	52	0.787536768525881		0.103729160719154
iCAF	ASM	44	0.935410380668284		0.0289978148402377
UniFB	ASM	45	0.935410380668284		0.0289978148402377
CycFB	ASM	45	0.935410380668284		0.0289978148402377
DerFB	ASM	52	0.787536768525881		0.103729160719154
DevFB	ASM	46	0.939024503263455		0.0273230749402123
apCAF	ASM	56	0.618288570227972		0.20880878185759
MetFB	ASM	60	0.432283890296569		0.364230948795907
EpiFB	ASM	55	0.669206982574279		0.174439536212844
CytFB	ASM	60	0.432283890296569		0.364230948795907
PapFB	ASM	58	0.432283890296569		0.364230948795907
ProFB	ASM	51	0.787536768525881		0.103729160719154
LipFB	ASM	51	0.787536768525881		0.103729160719154
FCPC	CVD	37	0.336034234344158		0.473616475498885
myoCAF	CVD	53	0.58169821024319		0.235302272427698
ActFB	CVD	43	0.728934382046136		0.137311564683257
FCC	CVD	34	0.298272586025542		0.525386660432575
iCAF	CVD	37	0.336034234344158		0.473616475498885
UniFB	CVD	39	0.44302254787148		0.353574169562567
CycFB	CVD	36	0.336034234344158		0.473616475498885
DerFB	CVD	40	0.506736809780761		0.295217547053276
DevFB	CVD	42	0.654724233780319		0.183941583925585
apCAF	CVD	66	0.0937037206141259		1.02824316460737
MetFB	CVD	46	0.939024503263455		0.0273230749402123
EpiFB	CVD	38	0.385751727699786		0.413692120148021
CytFB	CVD	54	0.511651024341687		0.291026152064632
PapFB	CVD	49	0.810722777015285		0.0911276254370276
ProFB	CVD	50	0.739320705252048		0.131167130877022
LipFB	CVD	60	0.298272586025542		0.525386660432575
FCPC	HTN	39	0.570078911003356		0.244065024605895
myoCAF	HTN	53	0.639868031267509		0.193909587269473
ActFB	HTN	45	0.935410380668284		0.0289978148402377
FCC	HTN	35	0.26424679389364		0.577990273283535
iCAF	HTN	40	0.570078911003356		0.244065024605895
UniFB	HTN	41	0.639564144655298		0.194115891728236
CycFB	HTN	37	0.40324108121299		0.394435229451261
DerFB	HTN	46	0.939024503263455		0.0273230749402123
DevFB	HTN	44	0.935410380668284		0.0289978148402377
apCAF	HTN	82	1.85177804809266e-05	82	4.73241106855318
MetFB	HTN	49	0.935410380668284		0.0289978148402377
EpiFB	HTN	45	0.935410380668284		0.0289978148402377
CytFB	HTN	61	0.20848561423827		0.680923906505478
PapFB	HTN	55	0.570078911003356		0.244065024605895
ProFB	HTN	48	0.937197144726156		0.0281690431988089
LipFB	HTN	61	0.20848561423827		0.680923906505478
FCPC	HT	60	0.0639155541483304		1.19439344139115
myoCAF	HT	64	0.0324499868134274	64	1.4887854753461
ActFB	HT	68	0.0147224768687828	68	1.83201911934946
FCC	HT	63	0.038202867569012	63	1.41790403701872
iCAF	HT	61	0.0521214035595674		1.28298389783344
UniFB	HT	57	0.155642522280406		0.80787173980876
CycFB	HT	62	0.0510227846200444		1.29223584301909
DerFB	HT	66	0.0234259301535315	66	1.63030315593534
DevFB	HT	63	0.038202867569012	63	1.41790403701872
apCAF	HT	69	0.0147224768687828	69	1.83201911934946
MetFB	HT	60	0.0639155541483304		1.19439344139115
EpiFB	HT	55	0.250952618465354		0.600408268485125
CytFB	HT	64	0.0324499868134274	64	1.4887854753461
PapFB	HT	65	0.0294453535576572	65	1.53098322663154
ProFB	HT	61	0.0521214035595674		1.28298389783344
LipFB	HT	68	0.0147224768687828	68	1.83201911934946
FCPC	RR.ENT	43	0.789678913883314		0.102549458424045
myoCAF	RR.ENT	46	1		0
ActFB	RR.ENT	53	0.789678913883314		0.102549458424045
FCC	RR.ENT	49	0.935449358094559		0.0289797186881831
iCAF	RR.ENT	43	0.789678913883314		0.102549458424045
UniFB	RR.ENT	42	0.789678913883314		0.102549458424045
CycFB	RR.ENT	47	1		0
DerFB	RR.ENT	51	0.789678913883314		0.102549458424045
DevFB	RR.ENT	43	0.789678913883314		0.102549458424045
apCAF	RR.ENT	62	0.255113923100222		0.59326583868307
MetFB	RR.ENT	57	0.583659458551522		0.233840472081041
EpiFB	RR.ENT	51	0.789678913883314		0.102549458424045
CytFB	RR.ENT	66	0.0937037206141259		1.02824316460737
PapFB	RR.ENT	57	0.583659458551522		0.233840472081041
ProFB	RR.ENT	48	1		0
LipFB	RR.ENT	53	0.789678913883314		0.102549458424045
FCPC	BMR	50	0.646905617095542		0.189159077854709
myoCAF	BMR	50	0.646905617095542		0.189159077854709
ActFB	BMR	53	0.492206177898084		0.307852939576309
FCC	BMR	56	0.386430356392483		0.412928764513515
iCAF	BMR	55	0.401524189544567		0.3962882858292
UniFB	BMR	53	0.492206177898084		0.307852939576309
CycFB	BMR	55	0.401524189544567		0.3962882858292
DerFB	BMR	54	0.465137294856079		0.332418837222857
DevFB	BMR	58	0.288189260197713		0.540322207851588
apCAF	BMR	97	2.02171024326442e-10	97	5
MetFB	BMR	57	0.33351969060087		0.476878520767335
EpiFB	BMR	52	0.509010996791493		0.293272834963291
CytFB	BMR	61	0.125091368542962		0.902772656121834
PapFB	BMR	65	0.0368066919470715	65	1.43407321362348
ProFB	BMR	65	0.0368066919470715	65	1.43407321362348
LipFB	BMR	67	0.0361730858815931	67	1.44161444052836
FCPC	FEVi.FvC	65	0.0105161976991633	65	1.97814125797375
myoCAF	FEVi.FvC	84	1.08171517741278e-06	84	5
ActFB	FEVi.FvC	81	5.03114069461437e-06	81	5
FCC	FEVi.FvC	65	0.0105161976991633	65	1.97814125797375
iCAF	FEVi.FvC	65	0.0105161976991633	65	1.97814125797375
UniFB	FEVi.FvC	74	0.000198064378945457	74	3.70319362349454
CycFB	FEVi.FvC	74	0.000198064378945457	74	3.70319362349454
DerFB	FEVi.FvC	65	0.0105161976991633	65	1.97814125797375
DevFB	FEVi.FvC	56	0.193215178196241		0.713958760177496
apCAF	FEVi.FvC	121	1.29967917784968e-20	121	5
MetFB	FEVi.FvC	90	1.52867191246082e-08	90	5
EpiFB	FEVi.FvC	60	0.0596545172051084		1.22435666476859
CytFB	FEVi.FvC	100	9.32489794051289e-12	100	5
PapFB	FEVi.FvC	90	1.52867191246082e-08	90	5
ProFB	FEVi.FvC	83	1.4272474242722e-06	83	5
LipFB	FEVi.FvC	81	5.03114069461437e-06	81	5
FCPC	FVC	60	0.0639155541483304		1.19439344139115
myoCAF	FVC	71	0.00192759993561429	71	2.71498309687714
ActFB	FVC	64	0.0227149907693992	64	1.64368743533185
FCC	FVC	64	0.0227149907693992	64	1.64368743533185
iCAF	FVC	67	0.00904327147039828	67	2.04367443185632
UniFB	FVC	68	0.00630963294376408	68	2.19999590464406
CycFB	FVC	60	0.0639155541483304		1.19439344139115
DerFB	FVC	53	0.426578687511673		0.370000846325154
DevFB	FVC	43	0.592259185412485		0.227488195032345
apCAF	FVC	112	1.42502504315034e-16	112	5
MetFB	FVC	81	1.00622813892287e-05	81	4.99730354190189
EpiFB	FVC	63	0.0312568916473735	63	1.50505421273762
CytFB	FVC	87	2.06584841548862e-07	87	5
PapFB	FVC	90	3.05734382492163e-08	90	5
ProFB	FVC	62	0.0425189871833704	62	1.37141708906671
LipFB	FVC	76	0.000144732825658981	76	3.8394329589584
FCPC	NRT	33	0.212478261571684		0.672685495554328
myoCAF	NRT	43	0.789678913883314		0.102549458424045
ActFB	NRT	37	0.40324108121299		0.394435229451261
FCC	NRT	35	0.352329058524854		0.453051536675235
iCAF	NRT	40	0.506736809780761		0.295217547053276
UniFB	NRT	38	0.44163469301998		0.354936817535828
CycFB	NRT	36	0.368740599873128		0.433279042133142
DerFB	NRT	42	0.714244618669438		0.146153023036185
DevFB	NRT	53	0.639868031267509		0.193909587269473
apCAF	NRT	85	2.35710191057648e-06	85	5
MetFB	NRT	44	0.802376619363301		0.0956217348099732
EpiFB	NRT	44	0.802376619363301		0.0956217348099732
CytFB	NRT	56	0.44163469301998		0.354936817535828
PapFB	NRT	55	0.501905236930709		0.299378272821144
ProFB	NRT	48	0.878622323180772		0.0561977667990524
LipFB	NRT	45	0.873049688623731		0.058961038217681
FCPC	MorningPerson	36	0.368740599873128		0.433279042133142
myoCAF	MorningPerson	46	1		0
ActFB	MorningPerson	43	0.789678913883314		0.102549458424045
FCC	MorningPerson	37	0.40324108121299		0.394435229451261
iCAF	MorningPerson	40	0.570078911003356		0.244065024605895
UniFB	MorningPerson	39	0.570078911003356		0.244065024605895
CycFB	MorningPerson	43	0.789678913883314		0.102549458424045
DerFB	MorningPerson	42	0.789678913883314		0.102549458424045
DevFB	MorningPerson	43	0.789678913883314		0.102549458424045
apCAF	MorningPerson	83	8.56348454563317e-06	83	5
MetFB	MorningPerson	40	0.570078911003356		0.244065024605895
EpiFB	MorningPerson	47	1		0
CytFB	MorningPerson	62	0.170075948733481		0.769357097738751
PapFB	MorningPerson	68	0.0220837153031743	68	1.65592786029378
ProFB	MorningPerson	46	1		0
LipFB	MorningPerson	50	0.796191528732975		0.0989824475056206
FCPC	HAIR	60	0.111852219759578		0.951355392704856
myoCAF	HAIR	54	0.341100682894458		0.467117411120313
ActFB	HAIR	58	0.157194141926025		0.80356364262617
FCC	HAIR	59	0.125598245342988		0.9010164278216
iCAF	HAIR	60	0.111852219759578		0.951355392704856
UniFB	HAIR	57	0.194553152850507		0.710961726800703
CycFB	HAIR	59	0.125598245342988		0.9010164278216
DerFB	HAIR	61	0.104242807119135		0.981953902169459
DevFB	HAIR	56	0.237803296241528		0.623782129828408
apCAF	HAIR	64	0.0567874769234979		1.24574742665981
MetFB	HAIR	68	0.0220837153031743	68	1.65592786029378
EpiFB	HAIR	53	0.399917519542193		0.398029569925397
CytFB	HAIR	64	0.0567874769234979		1.24574742665981
PapFB	HAIR	63	0.0687651616242216		1.16263153191542
ProFB	HAIR	54	0.341100682894458		0.467117411120313
LipFB	HAIR	69	0.0220837153031743	69	1.65592786029378
FCPC	MNR	41	0.799835039084386		0.0969995742614163
myoCAF	MNR	42	0.861467906054524		0.0647608975346449
ActFB	MNR	45	0.935410380668284		0.0289978148402377
FCC	MNR	39	0.799835039084386		0.0969995742614163
iCAF	MNR	43	0.861467906054524		0.0647608975346449
UniFB	MNR	41	0.799835039084386		0.0969995742614163
CycFB	MNR	40	0.799835039084386		0.0969995742614163
DerFB	MNR	46	0.939024503263455		0.0273230749402123
DevFB	MNR	46	0.939024503263455		0.0273230749402123
apCAF	MNR	74	0.00198064378945457	74	2.70319362349454
MetFB	MNR	41	0.799835039084386		0.0969995742614163
EpiFB	MNR	50	0.862540822794056		0.0642203412464087
CytFB	MNR	51	0.861467906054524		0.0647608975346449
PapFB	MNR	54	0.799835039084386		0.0969995742614163
ProFB	MNR	44	0.864097897775862		0.0634370514385719
LipFB	MNR	53	0.799835039084386		0.0969995742614163
FCPC	MNP	49	1		0
myoCAF	MNP	40	1		0
ActFB	MNP	50	1		0
FCC	MNP	46	1		0
iCAF	MNP	44	1		0
UniFB	MNP	42	1		0
CycFB	MNP	52	1		0
DerFB	MNP	49	1		0
DevFB	MNP	42	1		0
apCAF	MNP	45	1		0
MetFB	MNP	46	1		0
EpiFB	MNP	42	1		0
CytFB	MNP	48	1		0
PapFB	MNP	47	1		0
ProFB	MNP	52	1		0
LipFB	MNP	46	1		0
FCPC	NCH	45	0.935410380668284		0.0289978148402377
myoCAF	NCH	51	0.935410380668284		0.0289978148402377
ActFB	NCH	50	0.935410380668284		0.0289978148402377
FCC	NCH	47	1		0
iCAF	NCH	40	0.760105214671141		0.119126287997595
UniFB	NCH	43	0.935410380668284		0.0289978148402377
CycFB	NCH	44	0.935410380668284		0.0289978148402377
DerFB	NCH	47	1		0
DevFB	NCH	59	0.313995613357471		0.503076419149562
apCAF	NCH	72	0.00651358756557293	72	2.18617974403128
MetFB	NCH	50	0.935410380668284		0.0289978148402377
EpiFB	NCH	49	0.935410380668284		0.0289978148402377
CytFB	NCH	61	0.298272586025542		0.525386660432575
PapFB	NCH	52	0.935410380668284		0.0289978148402377
ProFB	NCH	56	0.618288570227972		0.20880878185759
LipFB	NCH	60	0.298272586025542		0.525386660432575
